[{"pk": 9, "model": "perelachaise.monument", "fields": {"nom": "Alphonse Daudet", "code_wikidata": "", "image_principale": 61, "resume": "", "nom_pour_tri": "Daudet", "code_wikipedia": "", "categorie_commons": "Grave of Alphonse Daudet", "node_osm": 2663325709, "controle": true}}, {"pk": 76, "model": "perelachaise.monument", "fields": {"nom": "Georges Courteline", "code_wikidata": "", "image_principale": 55, "resume": "", "nom_pour_tri": "Courteline", "code_wikipedia": "", "categorie_commons": "Grave of Georges Courteline (P\u00e8re-Lachaise, division 89)", "node_osm": 2610815702, "controle": true}}, {"pk": 99, "model": "perelachaise.monument", "fields": {"nom": "Isadora Duncan", "code_wikidata": "", "image_principale": 72, "resume": "", "nom_pour_tri": "Duncan", "code_wikipedia": "", "categorie_commons": "Grave of Isadora Duncan", "node_osm": 1915793660, "controle": true}}, {"pk": 120, "model": "perelachaise.monument", "fields": {"nom": "Jim Morrison", "code_wikidata": "", "image_principale": 129, "resume": "", "nom_pour_tri": "Morrison", "code_wikipedia": "", "categorie_commons": "Grave of Jim Morrison", "node_osm": 1915793663, "controle": true}}, {"pk": 164, "model": "perelachaise.monument", "fields": {"nom": "Mur des F\u00e9d\u00e9r\u00e9s", "code_wikidata": "Q910923", "image_principale": 200, "resume": "<p>Le <b>mur des F\u00e9d\u00e9r\u00e9s</b> est une partie de l'enceinte du <a href=\"/wiki/Cimeti%C3%A8re_du_P%C3%A8re-Lachaise\">cimeti\u00e8re du P\u00e8re-Lachaise</a>, \u00e0 <a href=\"/wiki/Paris\">Paris</a>, devant laquelle, le <a href=\"/wiki/28_mai\">28</a>&#160;<a href=\"/wiki/Mai_1871\">mai</a>&#160;<a href=\"/wiki/1871\">1871</a>, cent quarante-sept F\u00e9d\u00e9r\u00e9s, combattants de la <a href=\"/wiki/Commune_de_Paris_(1871)\">Commune</a>, ont \u00e9t\u00e9 fusill\u00e9s et jet\u00e9s dans une fosse ouverte au pied du mur par les Versaillais. Depuis lors, il symbolise la lutte pour la libert\u00e9 et les id\u00e9aux des <a href=\"/wiki/Communard\">communards</a>, <a href=\"/wiki/Autogestion\">autogestionnaires</a>.</p>\n<p>Le mur est \u00e0 l'angle sud-est du cimeti\u00e8re.</p>", "nom_pour_tri": "Mur des F\u00e9d\u00e9r\u00e9s", "code_wikipedia": "Mur des F\u00e9d\u00e9r\u00e9s", "categorie_commons": "Mur des F\u00e9d\u00e9r\u00e9s", "node_osm": 1152422864, "controle": true}}, {"pk": 193, "model": "perelachaise.monument", "fields": {"nom": "Tombeau d'Ab\u00e9lard et H\u00e9lo\u00efse", "code_wikidata": "", "image_principale": 2, "resume": "", "nom_pour_tri": "Ab\u00e9lard et H\u00e9lo\u00efse", "code_wikipedia": "", "categorie_commons": "Tomb of Abelard and Heloise", "node_osm": 1668264337, "controle": true}}, {"pk": 194, "model": "perelachaise.monument", "fields": {"nom": "T\u00e9o Hernandez", "code_wikidata": "", "image_principale": 100, "resume": "", "nom_pour_tri": "Hernandez", "code_wikipedia": "", "categorie_commons": "Grave of Hernandez (P\u00e8re-Lachaise, division 42)", "node_osm": 2636910105, "controle": true}}, {"pk": 205, "model": "perelachaise.monument", "fields": {"nom": "Alain Bashung", "code_wikidata": "", "image_principale": 14, "resume": "", "nom_pour_tri": "Bashung", "code_wikipedia": "", "categorie_commons": "Grave of Alain Bashung", "node_osm": 2663272254, "controle": true}}, {"pk": 218, "model": "perelachaise.monument", "fields": {"nom": "\u00c9dith Piaf", "code_wikidata": "", "image_principale": 148, "resume": "", "nom_pour_tri": "Piaf", "code_wikipedia": "", "categorie_commons": "Grave of \u00c9dith Piaf", "node_osm": 1915793634, "controle": true}}, {"pk": 227, "model": "perelachaise.monument", "fields": {"nom": "Famille d'Aboville", "code_wikidata": "", "image_principale": 1, "resume": "", "nom_pour_tri": "Aboville", "code_wikipedia": "", "categorie_commons": "Grave of Aboville (P\u00e8re-Lachaise, division 25)", "node_osm": 2649596674, "controle": true}}, {"pk": 228, "model": "perelachaise.monument", "fields": {"nom": "Fran\u00e7ois d'Astier de La Vigerie", "code_wikidata": "", "image_principale": 9, "resume": "", "nom_pour_tri": "Astier de La Vigerie", "code_wikipedia": "", "categorie_commons": "Grave of Astier de la Vigerie (P\u00e8re-Lachaise, division 10)", "node_osm": 2663061680, "controle": true}}, {"pk": 241, "model": "perelachaise.monument", "fields": {"nom": "Jean de La Fontaine", "code_wikidata": "", "image_principale": 110, "resume": "", "nom_pour_tri": "La Fontaine", "code_wikipedia": "", "categorie_commons": "Grave of Jean de La Fontaine", "node_osm": 2661217171, "controle": true}}, {"pk": 2663325709, "model": "perelachaise.nodeosm", "fields": {"latitude": "48.8601980", "nom": "Alphonse Daudet", "utilisateur": "Maxime LM", "longitude": "2.3952770", "timestamp": "2014-02-09T19:02:56Z"}}, {"pk": 2610815702, "model": "perelachaise.nodeosm", "fields": {"latitude": "48.8623290", "nom": "Georges Courteline", "utilisateur": "Maxime LM", "longitude": "2.3973160", "timestamp": "2014-01-05T13:17:35Z"}}, {"pk": 1915793660, "model": "perelachaise.nodeosm", "fields": {"latitude": "48.8624253", "nom": "Isadora Duncan", "utilisateur": "cquest", "longitude": "2.3954178", "timestamp": "2013-01-27T22:23:25Z"}}, {"pk": 1915793663, "model": "perelachaise.nodeosm", "fields": {"latitude": "48.8592676", "nom": "Jim Morrison", "utilisateur": "Agamitsudo", "longitude": "2.3937520", "timestamp": "2014-01-05T22:41:43Z"}}, {"pk": 1152422864, "model": "perelachaise.nodeosm", "fields": {"latitude": "48.8597013", "nom": "Mur des F\u00e9d\u00e9r\u00e9s", "utilisateur": "Sanjak", "longitude": "2.4000175", "timestamp": "2014-02-06T16:54:25Z"}}, {"pk": 1668264337, "model": "perelachaise.nodeosm", "fields": {"latitude": "48.8591875", "nom": "Tombeau d'Ab\u00e9lard et H\u00e9lo\u00efse", "utilisateur": "Coyau", "longitude": "2.3919009", "timestamp": "2012-03-10T07:28:18Z"}}, {"pk": 2636910105, "model": "perelachaise.nodeosm", "fields": {"latitude": "48.8610590", "nom": "T\u00e9o Hernandez", "utilisateur": "Maxime LM", "longitude": "2.3953630", "timestamp": "2014-01-25T22:17:46Z"}}, {"pk": 2663272254, "model": "perelachaise.nodeosm", "fields": {"latitude": "48.8602540", "nom": "Alain Bashung", "utilisateur": "Maxime LM", "longitude": "2.3934100", "timestamp": "2014-03-08T15:19:07Z"}}, {"pk": 1915793634, "model": "perelachaise.nodeosm", "fields": {"latitude": "48.8596833", "nom": "\u00c9dith Piaf", "utilisateur": "Maxime LM", "longitude": "2.3988939", "timestamp": "2014-03-08T15:19:08Z"}}, {"pk": 2649596674, "model": "perelachaise.nodeosm", "fields": {"latitude": "48.8607200", "nom": "Famille d'Aboville", "utilisateur": "Maxime LM", "longitude": "2.3949340", "timestamp": "2014-03-08T16:43:00Z"}}, {"pk": 2663061680, "model": "perelachaise.nodeosm", "fields": {"latitude": "48.8607620", "nom": "Fran\u00e7ois d'Astier de La Vigerie", "utilisateur": "Maxime LM", "longitude": "2.3921660", "timestamp": "2014-03-08T17:18:30Z"}}, {"pk": 2661217171, "model": "perelachaise.nodeosm", "fields": {"latitude": "48.8605650", "nom": "Jean de La Fontaine", "utilisateur": "Maxime LM", "longitude": "2.3950620", "timestamp": "2014-03-08T16:43:01Z"}}, {"pk": 9, "model": "perelachaise.personnalite", "fields": {"date_deces_precision": "J", "nom": "Alphonse Daudet", "code_wikidata": "Q228546", "resume": "<p><b>Alphonse Daudet</b>, n\u00e9 \u00e0 <a href=\"/wiki/N%C3%AEmes\">N\u00eemes</a> dans le d\u00e9partement du <a href=\"/wiki/Gard\">Gard</a> le <a href=\"/wiki/13_mai\">13</a>&#160;<a href=\"/wiki/Mai_1840\">mai</a>&#160;<a href=\"/wiki/1840\">1840</a> et mort \u00e0 <a href=\"/wiki/Paris\">Paris</a> le <a href=\"/wiki/16_d%C3%A9cembre\">16</a>&#160;<a href=\"/wiki/D%C3%A9cembre_1897\">d\u00e9cembre</a>&#160;<a href=\"/wiki/1897\">1897</a> (\u00e0 57&#160;ans), est un <a href=\"/wiki/%C3%89crivain\">\u00e9crivain</a> et auteur <a href=\"/wiki/Dramaturge\">dramatique</a> <a href=\"/wiki/France\">fran\u00e7ais</a>.</p>", "date_naissance_precision": "J", "code_wikipedia": "Alphonse Daudet", "date_deces": "1897-12-16", "categorie_commons": "Alphonse Daudet", "monument": 9, "date_naissance": "1840-05-13", "activite": "\u00e9crivain et auteur dramatique fran\u00e7ais"}}, {"pk": 76, "model": "perelachaise.personnalite", "fields": {"date_deces_precision": "J", "nom": "Georges Courteline", "code_wikidata": "Q51107", "resume": "<p><b>Georges Courteline</b>, nom de plume de <b>Georges Victor Marcel Moinaux</b> ou <b>Moineau</b>, est un <a href=\"/wiki/Roman_(litt%C3%A9rature)\">romancier</a> et <a href=\"/wiki/Dramaturge\">dramaturge</a> fran\u00e7ais, n\u00e9 le <a href=\"/wiki/25_juin\">25</a>&#160;<a href=\"/wiki/Juin_1858\">juin</a>&#160;<a href=\"/wiki/1858\">1858</a> \u00e0 <a href=\"/wiki/Tours\">Tours</a>, mort le <a href=\"/wiki/25_juin\">25</a>&#160;<a href=\"/wiki/Juin_1929\">juin</a>&#160;<a href=\"/wiki/1929\">1929</a> \u00e0 <a href=\"/wiki/Paris\">Paris</a>.</p>", "date_naissance_precision": "J", "code_wikipedia": "Georges Courteline", "date_deces": "1929-06-25", "categorie_commons": "Georges Courteline", "monument": 76, "date_naissance": "1858-06-25", "activite": "Dramaturge fran\u00e7ais"}}, {"pk": 99, "model": "perelachaise.personnalite", "fields": {"date_deces_precision": "J", "nom": "Isadora Duncan", "code_wikidata": "Q483512", "resume": "<p><b>Isadora Duncan</b>, n\u00e9e le 26 ou le <a href=\"/wiki/27_mai\">27</a>&#160;<a href=\"/wiki/Mai_1877\">mai</a>&#160;<a href=\"/wiki/1877\">1877</a> \u00e0 <a href=\"/wiki/San_Francisco\">San Francisco</a> et morte le <a href=\"/wiki/14_septembre\">14</a>&#160;<a href=\"/wiki/Septembre_1927\">septembre</a>&#160;<a href=\"/wiki/1927\">1927</a> \u00e0 <a href=\"/wiki/Nice\">Nice</a>, est une <a href=\"/wiki/Danse\">danseuse</a> am\u00e9ricaine qui r\u00e9volutionna la pratique de la danse par un retour au mod\u00e8le des figures antiques grecques. Par sa grande <a href=\"/wiki/Danse_libre\">libert\u00e9 d'expression</a>, qui privil\u00e9giait la spontan\u00e9it\u00e9, le naturel, elle apporta les premi\u00e8res bases de la <a href=\"/wiki/Danse_moderne\">danse moderne</a> europ\u00e9enne, \u00e0 l'origine de la <a href=\"/wiki/Danse_contemporaine\">danse contemporaine</a>. Influenc\u00e9e par son fr\u00e8re <a href=\"/wiki/Raymond_Duncan\">Raymond Duncan</a> sur un retour \u00e0 l'<a href=\"/wiki/Hell%C3%A9nisme\">hell\u00e9nisme</a> et le culte du corps, elle voudra redonner toute sa place \u00e0 la beaut\u00e9, \u00e0 l'harmonie du corps, osant s'exhiber presque nue, dissimul\u00e9e seulement de quelques voiles. Par ailleurs, son travail chor\u00e9graphique accorde une place particuli\u00e8re \u00e0 la spiritualit\u00e9.</p>\n<p>Fondatrice de plusieurs \u00e9coles de danse aux \u00c9tats-Unis et en Europe, en Russie notamment, o\u00f9 la conduisait son id\u00e9al r\u00e9volutionnaire, elle y \u00e9pousa en <a href=\"/wiki/1922\">1922</a> un de ses plus grands auteurs, le po\u00e8te <a href=\"/wiki/Sergue%C3%AF_Essenine\">Sergue\u00ef Essenine</a>, dans une union qui ne dura que peu de temps.</p>", "date_naissance_precision": "J", "code_wikipedia": "Isadora Duncan", "date_deces": "1927-09-14", "categorie_commons": "Isadora Duncan", "monument": 99, "date_naissance": "1877-05-27", "activite": "danseuse am\u00e9ricaine"}}, {"pk": 120, "model": "perelachaise.personnalite", "fields": {"date_deces_precision": "J", "nom": "Jim Morrison", "code_wikidata": "Q44301", "resume": "<p><dfn>Jim Morrison</dfn> (n\u00e9 <b>James Douglas Morrison</b> le <a href=\"/wiki/8_d%C3%A9cembre\">8</a>&#160;<a href=\"/wiki/D%C3%A9cembre_1943\">d\u00e9cembre</a>&#160;<a href=\"/wiki/1943_en_musique\">1943</a> \u00e0 <a href=\"/wiki/Melbourne_(Floride)\">Melbourne</a> (<a href=\"/wiki/Floride\">Floride</a>) aux <a href=\"/wiki/%C3%89tats-Unis\">\u00c9tats-Unis</a>, et mort le <a href=\"/wiki/3_juillet\">3</a>&#160;<a href=\"/wiki/Juillet_1971\">juillet</a>&#160;<a href=\"/wiki/1971_en_musique\">1971</a> \u00e0 <a href=\"/wiki/Paris\">Paris</a>, en <a href=\"/wiki/France\">France</a>) est un <a href=\"/wiki/Chanteur\">chanteur</a>, <a href=\"/wiki/Cin%C3%A9aste\">cin\u00e9aste</a> et <a href=\"/wiki/Po%C3%A8te\">po\u00e8te</a> <a href=\"/wiki/%C3%89tats-Unis\">am\u00e9ricain</a>, cofondateur du groupe de <a href=\"/wiki/Rock\">rock</a> am\u00e9ricain <a href=\"/wiki/The_Doors\">The Doors</a>, dont il fut membre de 1965 \u00e0 sa mort.</p>\n<p><a href=\"/wiki/Sex-symbol\">Sex-symbol</a> provocant au comportement volontairement excessif, devenu une v\u00e9ritable idole de la <a href=\"/wiki/Musique_rock\">musique rock</a>, mais aussi intellectuel engag\u00e9 dans le mouvement du <a href=\"/wiki/Protest_song\">protest song</a>, en particulier contre la <a href=\"/wiki/Guerre_du_Vi%C3%AAt_Nam\">guerre du Vi\u00eat Nam</a>, attir\u00e9 par le <a href=\"/wiki/Chamanisme\">chamanisme</a>, on lui attribue une r\u00e9putation de \u00ab&#160;<a href=\"/wiki/Po%C3%A8te_maudit\">po\u00e8te maudit</a>&#160;\u00bb que sa mort pr\u00e9matur\u00e9e, \u00e0 Paris, dans des circonstances mal \u00e9lucid\u00e9es, transforme en l\u00e9gende, notamment fondatrice de ce qui est connu sous le nom de <a href=\"/wiki/Club_des_27\">Club des 27</a>.</p>\n<p>Le culte que lui vouent ses fans \u00e9clipse cependant une \u0153uvre po\u00e9tique d'une grande richesse que Morrison lui-m\u00eame a pu consid\u00e9rer comme sa principale activit\u00e9, au moins \u00e0 partir de l'\u00e9t\u00e9 1968.</p>", "date_naissance_precision": "J", "code_wikipedia": "Jim Morrison", "date_deces": "1971-07-03", "categorie_commons": "Jim Morrison", "monument": 120, "date_naissance": "1943-12-08", "activite": "chanteur des Doors"}}, {"pk": 193, "model": "perelachaise.personnalite", "fields": {"date_deces_precision": "J", "nom": "Pierre Ab\u00e9lard", "code_wikidata": "Q4295", "resume": "<p><b>Pierre Ab\u00e9lard</b>, ou <b>Pierre Abailard</b>, ou encore <b>Pierre Abeilard</b>, (n\u00e9 en 1079 au <a href=\"/wiki/Le_Pallet\">Pallet</a> pr\u00e8s de <a href=\"/wiki/Nantes\">Nantes</a> - mort le <a href=\"/wiki/21_avril\">21 avril</a>&#160;<a href=\"/wiki/1142\">1142</a> , \u00e0 Saint-Marcel, pr\u00e8s de <a href=\"/wiki/Chalon-sur-Sa%C3%B4ne\">Chalon-sur-Sa\u00f4ne</a>) est un <a href=\"/wiki/Th%C3%A9ologie\">th\u00e9ologien</a>, <a href=\"/wiki/Philosophie\">philosophe</a> et <a href=\"/wiki/Compositeur\">compositeur</a> fran\u00e7ais. Il est un des principaux acteurs du renouveau des arts du langage du d\u00e9but du XII<sup>e</sup>&#160;si\u00e8cle. Apr\u00e8s son entr\u00e9e en religion, ses travaux de th\u00e9ologien suscitent sa condamnation pour <a href=\"/wiki/H%C3%A9r%C3%A9sie\">h\u00e9r\u00e9sie</a>, par les autorit\u00e9s eccl\u00e9siastiques (<a href=\"/wiki/Concile_de_Soissons\">concile de Soissons</a>, 1121&#160;; <a href=\"/wiki/Concile_de_Sens\">concile de Sens</a>, 1140). Il est encore plus c\u00e9l\u00e8bre pour sa liaison avec <a href=\"/wiki/H%C3%A9lo%C3%AFse_d%E2%80%99Argenteuil\">H\u00e9lo\u00efse</a> et les lettres \u00e9chang\u00e9es par le couple.</p>\n<p>Le <a href=\"/wiki/16_juin\">16</a>&#160;<a href=\"/wiki/Juin_1817\">juin</a>&#160;<a href=\"/wiki/1817_en_France\">1817</a>, ses restes et ceux d'H\u00e9lo\u00efse sont transf\u00e9r\u00e9s au <a href=\"/wiki/Cimeti%C3%A8re_du_P%C3%A8re-Lachaise\">cimeti\u00e8re du P\u00e8re-Lachaise</a> (Division 7).</p>", "date_naissance_precision": "A", "code_wikipedia": "Pierre Ab\u00e9lard", "date_deces": "1142-04-21", "categorie_commons": "Peter Abelard", "monument": 193, "date_naissance": "1079-01-01", "activite": "\u00e9crivain fran\u00e7ais du XIIe si\u00e8cle"}}, {"pk": 205, "model": "perelachaise.personnalite", "fields": {"date_deces_precision": "J", "nom": "H\u00e9lo\u00efse d'Argenteuil", "code_wikidata": "Q5656", "resume": "<p><b>H\u00e9lo\u00efse</b> (les noms de famille n'existaient pas \u00e0 l'\u00e9poque), <i>Eloysa</i> en <a href=\"/wiki/Latin\">latin</a>, n\u00e9e vers 1094 et morte le <a href=\"/wiki/16_mai\">16 mai</a>&#160;<a href=\"/wiki/1164\">1164</a>, est une <a href=\"/wiki/Renaissance_du_XIIe_si%C3%A8cle#Naissance_des_.C2.AB_intellectuels_.C2.BB\">intellectuelle</a> du <a href=\"/wiki/Litt%C3%A9rature_fran%C3%A7aise_du_Moyen_%C3%82ge\">Moyen \u00c2ge</a>, \u00e9pouse d'<a href=\"/wiki/Pierre_Ab%C3%A9lard\">Ab\u00e9lard</a> et premi\u00e8re <a href=\"/wiki/Abbesse\">abbesse</a> du <a href=\"/wiki/Abbaye_du_Paraclet\">Paraclet</a>. Commen\u00e7ant d'\u00e9crire un tiers de si\u00e8cle avant <a href=\"/wiki/Hildegarde_de_Bingen\">Hildegarde de Bingen</a>, elle est la premi\u00e8re <a href=\"/wiki/Femme_de_lettres\">femme de lettres</a> connue en <a href=\"/wiki/Occident_chr%C3%A9tien\">Occident</a>.</p>\n<p>Il ne reste qu'une incertaine <a href=\"/wiki/Oraison_fun%C3%A8bre\">oraison fun\u00e8bre</a> de ses po\u00e8mes et rien de sa musique. Si elle n'a pas \u00e9crit de <a href=\"/wiki/Roman_(litt%C3%A9rature)\">roman</a>, le peu qui a \u00e9t\u00e9 rassembl\u00e9 de sa <a href=\"/wiki/Correspondance_(litt%C3%A9rature)\">correspondance</a> est un \u00ab&#160;monument&#160;\u00bb fondateur de la <a href=\"/wiki/Litt%C3%A9rature_fran%C3%A7aise\">litt\u00e9rature fran\u00e7aise</a> c\u00e9l\u00e9br\u00e9 comme tel d\u00e8s la fin du XIII<sup>e</sup>. Plus passionn\u00e9e et <a href=\"/wiki/%C3%89rudition\">\u00e9rudite</a> qu'<a href=\"/wiki/%C3%89rotisme\">\u00e9rotique</a>, elle demeure le prototype <a href=\"/wiki/Latin\">latin</a> du <a href=\"/wiki/Roman_d%27apprentissage\">roman d'\u00e9ducation</a> sentimentale et le mod\u00e8le du <a href=\"/wiki/Genre_%C3%A9pistolaire\">genre \u00e9pistolaire</a> <a href=\"/wiki/Classicisme\">classique</a> tel qu'il s'illustrera de la <a href=\"/wiki/Lettres_portugaises\">Religieuse portugaise</a> \u00e0 <a href=\"/wiki/Dominique_Aury\">Dominique Aury</a> en passant par <a href=\"/wiki/Madame_de_Lafayette\">Madame de Lafayette</a> et <a href=\"/wiki/Pierre_Choderlos_de_Laclos\">Laclos</a> ou encore <a href=\"/wiki/Les_Souffrances_du_jeune_Werther\">Werther</a> et la <a href=\"/wiki/Julie_ou_la_Nouvelle_H%C3%A9lo%C3%AFse\">Julie</a> de <a href=\"/wiki/Jean-Jacques_Rousseau\">Rousseau</a>.</p>\n<p>Inaugurant la lign\u00e9e inachev\u00e9e des couples d'<a href=\"/wiki/Intellectuel\">intellectuels</a>, sa vie, des plus romanesques, a fait d'H\u00e9lo\u00efse la figure mythique de la <a href=\"/wiki/Passion_(amour)\">passion</a> amoureuse, outrepassant d'embl\u00e9e le mod\u00e8le de l'\u00ab&#160;<a href=\"/wiki/Amour_courtois\">amour courtois</a>&#160;\u00bb \u00e9labor\u00e9 \u00e0 la m\u00eame \u00e9poque sous les traits de <a href=\"/wiki/Tristan_et_Iseut\">Tristan et Iseult</a>. Derri\u00e8re ce masque arrangeant de <a href=\"/wiki/Femme_fatale\">femme fatale</a>, l'\u0153uvre de l'<a href=\"/wiki/Ex%C3%A9g%C3%A8se\">ex\u00e9g\u00e8te</a> savante, c\u00e9l\u00e8bre d\u00e8s avant sa rencontre avec <a href=\"/wiki/Pierre_Ab%C3%A9lard\">Ab\u00e9lard</a> pour \u00eatre l'unique femme ayant os\u00e9 entreprendre les \u00e9tudes des <a href=\"/wiki/Arts_lib%C3%A9raux\">arts lib\u00e9raux</a>, t\u00e9moigne, en particulier \u00e0 travers le premier <a href=\"/wiki/Ordre_monastique\">ordre monastique</a> dot\u00e9 d'une r\u00e8gle sp\u00e9cifiquement f\u00e9minine que fut le <a href=\"/wiki/Abbaye_du_Paraclet\">Paraclet</a>, d'une tentative, soutenue par la cour de <a href=\"/wiki/Champagne_(province)\">Champagne</a> mais an\u00e9antie par la <a href=\"/wiki/R%C3%A9forme_gr%C3%A9gorienne\">r\u00e9forme gr\u00e9gorienne</a>, de <a href=\"/wiki/Place_des_femmes_dans_l%27%C3%89glise_catholique#Position_de_l.27.C3.89glise_catholique_face_.C3.A0_l.27.C3.A9mancipation_f.C3.A9minine\">d\u00e9finir pour les femmes un statut</a> <a href=\"/wiki/Clerg%C3%A9\">cl\u00e9rical</a> leur donnant acc\u00e8s \u00e0 l'<a href=\"/wiki/%C3%89ducation_des_femmes\">\u00e9ducation</a>.</p>", "date_naissance_precision": "A", "code_wikipedia": "H\u00e9lo\u00efse d'Argenteuil", "date_deces": "1164-05-16", "categorie_commons": "", "monument": 193, "date_naissance": "1094-01-01", "activite": "\u00e9crivain fran\u00e7ais du XIIe si\u00e8cle"}}, {"pk": 194, "model": "perelachaise.personnalite", "fields": {"date_deces_precision": "A", "nom": "T\u00e9o Hernandez", "code_wikidata": "", "resume": "", "date_naissance_precision": "J", "code_wikipedia": "", "date_deces": "1992-01-01", "categorie_commons": "", "monument": 194, "date_naissance": "1939-12-23", "activite": "cin\u00e9aste"}}, {"pk": 207, "model": "perelachaise.personnalite", "fields": {"date_deces_precision": "J", "nom": "Alain Bashung", "code_wikidata": "Q380045", "resume": "<p><b>Alain Bashung</b>, n\u00e9 <b>Alain Baschung</b> (Paris,&#160;<a href=\"/wiki/1er_d%C3%A9cembre\">1<sup>er</sup></a>&#160;<a href=\"/wiki/D%C3%A9cembre_1947\">d\u00e9cembre</a>&#160;<a href=\"/wiki/1947\">1947</a> \u2013 Paris,&#160;<a href=\"/wiki/14_mars\">14</a>&#160;<a href=\"/wiki/Mars_2009\">mars</a>&#160;<a href=\"/wiki/2009\">2009</a>), est un <a href=\"/wiki/Auteur-compositeur-interpr%C3%A8te\">auteur-compositeur-interpr\u00e8te</a> et com\u00e9dien <a href=\"/wiki/France\">fran\u00e7ais</a>. Il est devenu une figure importante de la <a href=\"/wiki/Chanson_fran%C3%A7aise\">chanson</a> et du <a href=\"/wiki/Rock_fran%C3%A7ais\">rock fran\u00e7ais</a> \u00e0 partir du d\u00e9but des <a href=\"/wiki/Ann%C3%A9es_1980\">ann\u00e9es 1980</a> et a influenc\u00e9 un grand nombre de chanteurs de la nouvelle sc\u00e8ne fran\u00e7aise. Il est le chanteur le plus prim\u00e9 aux <a href=\"/wiki/Victoires_de_la_musique\">Victoires de la musique</a> avec 12 victoires obtenues tout au long de sa carri\u00e8re.</p>", "date_naissance_precision": "J", "code_wikipedia": "Alain Bashung", "date_deces": "2009-03-14", "categorie_commons": "Alain Bashung", "monument": 205, "date_naissance": "1947-12-01", "activite": "chanteur fran\u00e7ais"}}, {"pk": 220, "model": "perelachaise.personnalite", "fields": {"date_deces_precision": "J", "nom": "\u00c9dith Piaf", "code_wikidata": "Q1631", "resume": "<p><b>\u00c9dith Piaf</b>, n\u00e9e <b>\u00c9dith Giovanna Gassion</b> le <a href=\"/wiki/19_d%C3%A9cembre\">19</a>&#160;<a href=\"/wiki/D%C3%A9cembre_1915\">d\u00e9cembre</a>&#160;<a href=\"/wiki/1915\">1915</a> \u00e0 <a href=\"/wiki/Paris\">Paris</a> et morte le <a href=\"/wiki/10_octobre\">10</a>&#160;<a href=\"/wiki/Octobre_1963\">octobre</a>&#160;<a href=\"/wiki/1963\">1963</a> \u00e0 <a href=\"/wiki/Grasse\">Grasse</a>, est une <a href=\"/wiki/Chanteuse\">chanteuse</a> <a href=\"/wiki/France\">fran\u00e7aise</a> de <a href=\"/wiki/Music-hall\">music-hall</a>. Elle est l'une des derni\u00e8res interpr\u00e8tes de la <a href=\"/wiki/Chanson_r%C3%A9aliste\">chanson r\u00e9aliste</a> fran\u00e7aise. Cinquante ans apr\u00e8s sa mort, elle demeure la plus c\u00e9l\u00e8bre chanteuse francophone \u00e0 travers le monde.</p>\n<p>Surnomm\u00e9e \u00e0 ses d\u00e9buts \u00ab&#160;la M\u00f4me Piaf&#160;\u00bb, elle est \u00e0 l'origine de nombreux succ\u00e8s devenus des classiques du r\u00e9pertoire, comme <i><a href=\"/wiki/La_Vie_en_rose\">La Vie en rose</a></i>, <i><a href=\"/wiki/Non,_je_ne_regrette_rien\">Non, je ne regrette rien</a></i>, l'<i><a href=\"/wiki/Hymne_%C3%A0_l%27amour\">Hymne \u00e0 l'amour</a></i>, <i><a href=\"/wiki/Mon_l%C3%A9gionnaire\">Mon l\u00e9gionnaire</a></i>, <i><a href=\"/wiki/La_Foule_(chanson)\">La Foule</a></i>, <i><a href=\"/wiki/Milord\">Milord</a></i>, <i><a href=\"/wiki/Mon_Dieu\">Mon Dieu</a></i> ou encore <i><a href=\"/wiki/L%27Accord%C3%A9oniste\">L'Accord\u00e9oniste</a></i>.</p>\n<p>Chanteuse \u00e0 l'interpr\u00e9tation et la voix saisissante, elle a inspir\u00e9 de nombreux compositeurs, a \u00e9t\u00e9 le mentor d'artistes plus jeunes tels qu'<a href=\"/wiki/Yves_Montand\">Yves Montand</a>, <a href=\"/wiki/Charles_Aznavour\">Charles Aznavour</a>, <a href=\"/wiki/Les_Compagnons_de_la_chanson\">Les Compagnons de la chanson</a>, <a href=\"/wiki/Georges_Moustaki\">Georges Moustaki</a>, et a connu une renomm\u00e9e internationale, malgr\u00e9 une fin de carri\u00e8re rendue difficile par de graves probl\u00e8mes de sant\u00e9 et une mort survenue \u00e0 seulement 47 ans.</p>", "date_naissance_precision": "J", "code_wikipedia": "\u00c9dith Piaf", "date_deces": "1963-10-10", "categorie_commons": "\u00c9dith Piaf", "monument": 218, "date_naissance": "1915-12-19", "activite": "chanteuse fran\u00e7aise"}}, {"pk": 272, "model": "perelachaise.personnalite", "fields": {"date_deces_precision": "J", "nom": "Augustin Gabriel d'Aboville", "code_wikidata": "Q2871584", "resume": "<p>Le comte <b>Augustin Gabriel d'Aboville</b>, n\u00e9 le <a href=\"/wiki/20_mars\">20 mars</a> <a href=\"/wiki/1773\">1773</a> \u00e0 <a href=\"/wiki/La_F%C3%A8re\">La F\u00e8re</a> (Aisne), mort le <a href=\"/wiki/15_ao%C3%BBt\">15 ao\u00fbt</a> <a href=\"/wiki/1820\">1820</a> \u00e0 <a href=\"/wiki/Paris\">Paris</a>, fils a\u00een\u00e9 du comte <a href=\"/wiki/Fran%C3%A7ois_Marie_d%27Aboville\">Fran\u00e7ois Marie d'Aboville</a>, est un <a href=\"/wiki/G%C3%A9n%C3%A9ral\">g\u00e9n\u00e9ral</a> d'<a href=\"/wiki/Artillerie\">artillerie</a> <a href=\"/wiki/France\">fran\u00e7ais</a>.</p>", "date_naissance_precision": "J", "code_wikipedia": "Augustin Gabriel d'Aboville", "date_deces": "1820-08-15", "categorie_commons": "", "monument": 227, "date_naissance": "1773-03-20", "activite": "g\u00e9n\u00e9ral d'artillerie fran\u00e7ais"}}, {"pk": 273, "model": "perelachaise.personnalite", "fields": {"date_deces_precision": "J", "nom": "Augustin Marie d'Aboville", "code_wikidata": "Q2482989", "resume": "<p>Le baron <b>Augustin Marie d'Aboville</b>, n\u00e9 le <a href=\"/wiki/20_avril\">20 avril</a> <a href=\"/wiki/1776\">1776</a> \u00e0 <a href=\"/wiki/La_F%C3%A8re\">La F\u00e8re</a> (<a href=\"/wiki/Aisne_(d%C3%A9partement)\">Aisne</a>), et mort le <a href=\"/wiki/20_juin\">20 juin</a> <a href=\"/wiki/1843\">1843</a> \u00e0 <a href=\"/wiki/Paris\">Paris</a>, inhum\u00e9 au <a href=\"/wiki/Cimeti%C3%A8re_du_P%C3%A8re-Lachaise\">cimeti\u00e8re du P\u00e8re-Lachaise</a> (division 25), second fils du comte <a href=\"/wiki/Fran%C3%A7ois_Marie_d%27Aboville\">Fran\u00e7ois Marie d'Aboville</a>, est un <a href=\"/wiki/G%C3%A9n%C3%A9ral_du_Premier_Empire\">g\u00e9n\u00e9ral d'artillerie fran\u00e7ais du Premier Empire</a>.</p>", "date_naissance_precision": "J", "code_wikipedia": "Augustin Marie d'Aboville", "date_deces": "1843-06-20", "categorie_commons": "Augustin Marie d'Aboville", "monument": 227, "date_naissance": "1776-04-20", "activite": "g\u00e9n\u00e9ral d'artillerie fran\u00e7ais"}}, {"pk": 230, "model": "perelachaise.personnalite", "fields": {"date_deces_precision": "J", "nom": "Fran\u00e7ois Marie d'Aboville", "code_wikidata": "Q3085304", "resume": "<p>Le <a href=\"/wiki/Comte\">comte</a> <b>Fran\u00e7ois-Marie d'Aboville</b>, n\u00e9 le <a href=\"/wiki/23_janvier\">23 janvier</a>&#160;<a href=\"/wiki/1730\">1730</a> \u00e0 <a href=\"/wiki/Brest\">Brest</a>, mort le <a href=\"/wiki/1er_novembre\">1<sup>er</sup></a>&#160;<a href=\"/wiki/Novembre_1817\">novembre</a>&#160;<a href=\"/wiki/1817\">1817</a> \u00e0 <a href=\"/wiki/Paris\">Paris</a>, \u00e9tait un <a href=\"/wiki/Liste_des_g%C3%A9n%C3%A9raux_de_la_R%C3%A9volution_et_du_Premier_Empire\">g\u00e9n\u00e9ral et homme politique fran\u00e7ais de la R\u00e9volution fran\u00e7aise et du Premier Empire</a>.</p>\n<p>Ses fils <a href=\"/wiki/Augustin_Gabriel_d%27Aboville\">Augustin Gabriel d'Aboville</a> et <a href=\"/wiki/Augustin_Marie_d%27Aboville\">Augustin Marie d'Aboville</a> furent comme lui, <a href=\"/wiki/Liste_des_g%C3%A9n%C3%A9raux_de_la_R%C3%A9volution_et_du_Premier_Empire\">g\u00e9n\u00e9raux d'artillerie sous la p\u00e9riode r\u00e9volutionnaire et du Premier Empire</a>.</p>", "date_naissance_precision": "J", "code_wikipedia": "Fran\u00e7ois Marie d'Aboville", "date_deces": "1817-11-01", "categorie_commons": "Fran\u00e7ois Marie d'Aboville", "monument": 227, "date_naissance": "1730-01-23", "activite": "g\u00e9n\u00e9ral fran\u00e7ais"}}, {"pk": 231, "model": "perelachaise.personnalite", "fields": {"date_deces_precision": "J", "nom": "Fran\u00e7ois d'Astier de La Vigerie", "code_wikidata": "Q130519", "resume": "<p><b>Fran\u00e7ois d'Astier de La Vigerie</b> est n\u00e9 au <a href=\"/wiki/Le_Mans\">Mans</a> le <a href=\"/wiki/7_mars\">7</a>&#160;<a href=\"/wiki/Mars_1886\">mars</a>&#160;<a href=\"/wiki/1886\">1886</a>, d\u00e9c\u00e9d\u00e9 \u00e0 <a href=\"/wiki/Paris\">Paris</a> le <a href=\"/wiki/9_octobre\">9</a>&#160;<a href=\"/wiki/Octobre_1956\">octobre</a>&#160;<a href=\"/wiki/1956\">1956</a>. Militaire de carri\u00e8re, il se remarqua surtout par ses faits d'armes dans la <a href=\"/wiki/R%C3%A9sistance_int%C3%A9rieure_fran%C3%A7aise\">R\u00e9sistance</a> au cours de la <a href=\"/wiki/Seconde_Guerre_mondiale\">Seconde Guerre mondiale</a> et qui lui valurent d'\u00eatre fait <a href=\"/wiki/Compagnon_de_la_Lib%C3%A9ration\">Compagnon de la Lib\u00e9ration</a>.</p>\n<p>Il est le fr\u00e8re d'<a href=\"/wiki/Emmanuel_d%27Astier_de_la_Vigerie\">Emmanuel d'Astier de la Vigerie</a> et d'<a href=\"/wiki/Henri_d%27Astier_de_la_Vigerie\">Henri d'Astier de la Vigerie</a>.</p>", "date_naissance_precision": "J", "code_wikipedia": "Fran\u00e7ois d'Astier de La Vigerie", "date_deces": "1956-10-09", "categorie_commons": "Fran\u00e7ois d'Astier de La Vigerie", "monument": 228, "date_naissance": "1886-03-07", "activite": "militaire fran\u00e7ais, compagnon de la Lib\u00e9ration"}}, {"pk": 244, "model": "perelachaise.personnalite", "fields": {"date_deces_precision": "J", "nom": "Jean de La Fontaine", "code_wikidata": "Q49496", "resume": "<p><b>Jean de La Fontaine</b> (n\u00e9 le <a href=\"/wiki/8_juillet\">8 juillet</a>&#160;<a href=\"/wiki/1621\">1621</a> \u00e0 <a href=\"/wiki/Ch%C3%A2teau-Thierry\">Ch\u00e2teau-Thierry</a>, et mort le <a href=\"/wiki/13_avril\">13 avril</a>&#160;<a href=\"/wiki/1695\">1695</a> \u00e0 <a href=\"/wiki/Paris\">Paris</a>) est un <a href=\"/wiki/Po%C3%A8te\">po\u00e8te</a> fran\u00e7ais de grande renomm\u00e9e, principalement pour ses <i><a href=\"/wiki/Fables_de_La_Fontaine\">Fables</a></i> et dans une moindre mesure ses <a href=\"/wiki/Conte\">contes</a> licencieux. On lui doit \u00e9galement des po\u00e8mes divers, des pi\u00e8ces de th\u00e9\u00e2tre et des livrets d'op\u00e9ra qui confirment son ambition de <a href=\"/wiki/Moraliste\">moraliste</a>.</p>\n<p>Proche de <a href=\"/wiki/Nicolas_Fouquet\">Nicolas Fouquet</a>, Jean de La Fontaine reste \u00e0 l'\u00e9cart de la cour royale mais fr\u00e9quente les salons comme celui de <a href=\"/wiki/Marguerite_Hessein_de_La_Sabli%C3%A8re\">Madame de La Sabli\u00e8re</a> et malgr\u00e9 des oppositions, il est re\u00e7u \u00e0 l'<a href=\"/wiki/Acad%C3%A9mie_fran%C3%A7aise\">Acad\u00e9mie fran\u00e7aise</a> en <a href=\"/wiki/1684\">1684</a>. M\u00eal\u00e9 aux d\u00e9bats de l'\u00e9poque, il se range dans le parti des Anciens dans la fameuse <a href=\"/wiki/Querelle_des_Anciens_et_des_Modernes\">Querelle des Anciens et des Modernes</a>.</p>\n<p>C'est en effet en s'inspirant des <a href=\"/wiki/Fabuliste\">fabulistes</a> de l'<a href=\"/wiki/Gr%C3%A8ce_antique\">Antiquit\u00e9 gr\u00e9co-latine</a> et en particulier d'<a href=\"/wiki/%C3%89sope\">\u00c9sope</a>, qu'il \u00e9crit les <i>Fables</i> qui font sa renomm\u00e9e. Le premier recueil qui correspond aux livres I \u00e0 VI des \u00e9ditions actuelles est publi\u00e9 en <a href=\"/wiki/1668\">1668</a>, le deuxi\u00e8me (livres VII \u00e0 XI) en <a href=\"/wiki/1678\">1678</a>, et le dernier (livre XII actuel) est dat\u00e9 de <a href=\"/wiki/1694\">1694</a>. Le brillant maniement des <a href=\"/wiki/Vers\">vers</a> et la vis\u00e9e morale des textes, parfois plus complexes qu'il n'y para\u00eet \u00e0 la premi\u00e8re lecture, ont d\u00e9termin\u00e9 le succ\u00e8s de cette \u0153uvre \u00e0 part et les <i><a href=\"/wiki/Fables_de_La_Fontaine\">Fables de La Fontaine</a></i> sont toujours consid\u00e9r\u00e9es comme un des plus grands chefs-d\u2019\u0153uvre de la <a href=\"/wiki/Litt%C3%A9rature_fran%C3%A7aise\">litt\u00e9rature fran\u00e7aise</a>. Le <a href=\"/wiki/Fabuliste\">fabuliste</a> a \u00e9clips\u00e9 le conteur d'autant que le souci moralisant a mis dans l\u2019ombre les <a href=\"/wiki/Conte\">contes</a> licencieux publi\u00e9s entre 1665 et 1674.</p>", "date_naissance_precision": "J", "code_wikipedia": "Jean de La Fontaine", "date_deces": "1695-04-13", "categorie_commons": "Jean de La Fontaine", "monument": 241, "date_naissance": "1621-07-08", "activite": "po\u00e8te, fabuliste et \u00e9crivain fran\u00e7ais"}}, {"pk": 61, "model": "perelachaise.imagecommons", "fields": {"nom": "Tombe.daudet.jpg", "auteur": "Mallow", "licence": "CC-BY-SA-3.0-2.5-2.0-1.0", "url_original": "http://upload.wikimedia.org/wikipedia/commons/c/c6/Tombe.daudet.jpg"}}, {"pk": 55, "model": "perelachaise.imagecommons", "fields": {"nom": "Tombe de Georges Courteline au cimeti\u00e8re du P\u00e8re-Lachaise \u00e0 Paris.JPG", "auteur": "Lucignolobrescia", "licence": "CC-BY-SA-3.0", "url_original": "http://upload.wikimedia.org/wikipedia/commons/4/40/Tombe_de_Georges_Courteline_au_cimeti%C3%A8re_du_P%C3%A8re-Lachaise_%C3%A0_Paris.JPG"}}, {"pk": 72, "model": "perelachaise.imagecommons", "fields": {"nom": "AX Isadora Duncan Tomb.jpg", "auteur": "Serguei Trouchelle", "licence": "CC-BY-3.0", "url_original": "http://upload.wikimedia.org/wikipedia/commons/d/d1/AX_Isadora_Duncan_Tomb.jpg"}}, {"pk": 129, "model": "perelachaise.imagecommons", "fields": {"nom": "Tombe de Jim Morrison - P\u00e8re Lachaise.jpg", "auteur": "Krzysztof Mizera", "licence": "Public domain", "url_original": "http://upload.wikimedia.org/wikipedia/commons/9/96/Tombe_de_Jim_Morrison_-_P%C3%A8re_Lachaise.jpg"}}, {"pk": 200, "model": "perelachaise.imagecommons", "fields": {"nom": "Commune2011.jpg", "auteur": "Dayofmayofday", "licence": "CC0", "url_original": "http://upload.wikimedia.org/wikipedia/commons/a/ab/Commune2011.jpg"}}, {"pk": 2, "model": "perelachaise.imagecommons", "fields": {"nom": "P\u00e8re-Lachaise - Division 7 - Ab\u00e9lard 17.jpg", "auteur": "Pierre-Yves Beaudouin", "licence": "CC-BY-SA-3.0", "url_original": "http://upload.wikimedia.org/wikipedia/commons/9/98/P%C3%A8re-Lachaise_-_Division_7_-_Ab%C3%A9lard_17.jpg"}}, {"pk": 100, "model": "perelachaise.imagecommons", "fields": {"nom": "P\u00e8re-Lachaise - Division 42 - Hernandez - 01.jpg", "auteur": "Pierre-Yves Beaudouin", "licence": "CC-BY-SA-3.0", "url_original": "http://upload.wikimedia.org/wikipedia/commons/8/8b/P%C3%A8re-Lachaise_-_Division_42_-_Hernandez_-_01.jpg"}}, {"pk": 14, "model": "perelachaise.imagecommons", "fields": {"nom": "Tombe d\u2019Alain Baschung au cimeti\u00e8re du P\u00e8re-Lachaise \u00e0 Paris.JPG", "auteur": "Lucignolobrescia", "licence": "CC-BY-SA-3.0", "url_original": "http://upload.wikimedia.org/wikipedia/commons/5/54/Tombe_d%E2%80%99Alain_Baschung_au_cimeti%C3%A8re_du_P%C3%A8re-Lachaise_%C3%A0_Paris.JPG"}}, {"pk": 148, "model": "perelachaise.imagecommons", "fields": {"nom": "Tombeau d'Edith Piaf.JPG", "auteur": "PRA", "licence": "CC-BY-2.5", "url_original": "http://upload.wikimedia.org/wikipedia/commons/e/e7/Tombeau_d%27Edith_Piaf.JPG"}}, {"pk": 1, "model": "perelachaise.imagecommons", "fields": {"nom": "P\u00e8re-Lachaise - Division 25 - Aboville 01.jpg", "auteur": "Pierre-Yves Beaudouin", "licence": "CC-BY-SA-3.0", "url_original": "http://upload.wikimedia.org/wikipedia/commons/0/01/P%C3%A8re-Lachaise_-_Division_25_-_Aboville_01.jpg"}}, {"pk": 9, "model": "perelachaise.imagecommons", "fields": {"nom": "P\u00e8re-Lachaise - Division 10 - Astier de la Vigerie 01.jpg", "auteur": "Pierre-Yves Beaudouin", "licence": "CC-BY-SA-3.0", "url_original": "http://upload.wikimedia.org/wikipedia/commons/e/e2/P%C3%A8re-Lachaise_-_Division_10_-_Astier_de_la_Vigerie_01.jpg"}}, {"pk": 110, "model": "perelachaise.imagecommons", "fields": {"nom": "Jean de La Fontaine (P\u00e8re Lachaise).jpg", "auteur": "Olivier Bruchez", "licence": "CC-BY-SA-2.0", "url_original": "http://upload.wikimedia.org/wikipedia/commons/7/7f/Jean_de_La_Fontaine_%28P%C3%A8re_Lachaise%29.jpg"}}]